pair_id,animation,annotator_1,annotator_2,notes
pair_0001,pairs/pair_0001.mp4,,,
pair_0002,pairs/pair_0002.mp4,,,
pair_0003,pairs/pair_0003.mp4,,,
pair_0004,pairs/pair_0004.mp4,,,
pair_0005,pairs/pair_0005.mp4,,,
pair_0006,pairs/pair_0006.mp4,,,
pair_0007,pairs/pair_0007.mp4,,,
pair_0008,pairs/pair_0008.mp4,,,
pair_0009,pairs/pair_0009.mp4,,,
pair_0010,pairs/pair_0010.mp4,,,
pair_0011,pairs/pair_0011.mp4,,,
pair_0012,pairs/pair_0012.mp4,,,
pair_0013,pairs/pair_0013.mp4,,,
pair_0014,pairs/pair_0014.mp4,,,
pair_0015,pairs/pair_0015.mp4,,,
pair_0016,pairs/pair_0016.mp4,,,
pair_0017,pairs/pair_0017.mp4,,,
pair_0018,pairs/pair_0018.mp4,,,
pair_0019,pairs/pair_0019.mp4,,,
pair_0020,pairs/pair_0020.mp4,,,
pair_0021,pairs/pair_0021.mp4,,,
pair_0022,pairs/pair_0022.mp4,,,
pair_0023,pairs/pair_0023.mp4,,,
pair_0024,pairs/pair_0024.mp4,,,
pair_0025,pairs/pair_0025.mp4,,,
pair_0026,pairs/pair_0026.mp4,,,
pair_0027,pairs/pair_0027.mp4,,,
pair_0028,pairs/pair_0028.mp4,,,
pair_0029,pairs/pair_0029.mp4,,,
pair_0030,pairs/pair_0030.mp4,,,
pair_0031,pairs/pair_0031.mp4,,,
pair_0032,pairs/pair_0032.mp4,,,
pair_0033,pairs/pair_0033.mp4,,,
pair_0034,pairs/pair_0034.mp4,,,
pair_0035,pairs/pair_0035.mp4,,,
pair_0036,pairs/pair_0036.mp4,,,
pair_0037,pairs/pair_0037.mp4,,,
pair_0038,pairs/pair_0038.mp4,,,
pair_0039,pairs/pair_0039.mp4,,,
pair_0040,pairs/pair_0040.mp4,,,
pair_0041,pairs/pair_0041.mp4,,,
pair_0042,pairs/pair_0042.mp4,,,
pair_0043,pairs/pair_0043.mp4,,,
pair_0044,pairs/pair_0044.mp4,,,
pair_0045,pairs/pair_0045.mp4,,,
pair_0046,pairs/pair_0046.mp4,,,
pair_0047,pairs/pair_0047.mp4,,,
pair_0048,pairs/pair_0048.mp4,,,
pair_0049,pairs/pair_0049.mp4,,,
pair_0050,pairs/pair_0050.mp4,,,
pair_0051,pairs/pair_0051.mp4,,,
pair_0052,pairs/pair_0052.mp4,,,
pair_0053,pairs/pair_0053.mp4,,,
pair_0054,pairs/pair_0054.mp4,,,
pair_0055,pairs/pair_0055.mp4,,,
pair_0056,pairs/pair_0056.mp4,,,
pair_0057,pairs/pair_0057.mp4,,,
pair_0058,pairs/pair_0058.mp4,,,
pair_0059,pairs/pair_0059.mp4,,,
pair_0060,pairs/pair_0060.mp4,,,
pair_0061,pairs/pair_0061.mp4,,,
pair_0062,pairs/pair_0062.mp4,,,
pair_0063,pairs/pair_0063.mp4,,,
pair_0064,pairs/pair_0064.mp4,,,
pair_0065,pairs/pair_0065.mp4,,,
pair_0066,pairs/pair_0066.mp4,,,
pair_0067,pairs/pair_0067.mp4,,,
pair_0068,pairs/pair_0068.mp4,,,
pair_0069,pairs/pair_0069.mp4,,,
pair_0070,pairs/pair_0070.mp4,,,
pair_0071,pairs/pair_0071.mp4,,,
pair_0072,pairs/pair_0072.mp4,,,
pair_0073,pairs/pair_0073.mp4,,,
pair_0074,pairs/pair_0074.mp4,,,
pair_0075,pairs/pair_0075.mp4,,,
pair_0076,pairs/pair_0076.mp4,,,
pair_0077,pairs/pair_0077.mp4,,,
pair_0078,pairs/pair_0078.mp4,,,
pair_0079,pairs/pair_0079.mp4,,,
pair_0080,pairs/pair_0080.mp4,,,
pair_0081,pairs/pair_0081.mp4,,,
pair_0082,pairs/pair_0082.mp4,,,
pair_0083,pairs/pair_0083.mp4,,,
pair_0084,pairs/pair_0084.mp4,,,
pair_0085,pairs/pair_0085.mp4,,,
pair_0086,pairs/pair_0086.mp4,,,
pair_0087,pairs/pair_0087.mp4,,,
pair_0088,pairs/pair_0088.mp4,,,
pair_0089,pairs/pair_0089.mp4,,,
pair_0090,pairs/pair_0090.mp4,,,
pair_0091,pairs/pair_0091.mp4,,,
pair_0092,pairs/pair_0092.mp4,,,
pair_0093,pairs/pair_0093.mp4,,,
pair_0094,pairs/pair_0094.mp4,,,
pair_0095,pairs/pair_0095.mp4,,,
pair_0096,pairs/pair_0096.mp4,,,
pair_0097,pairs/pair_0097.mp4,,,
pair_0098,pairs/pair_0098.mp4,,,
pair_0099,pairs/pair_0099.mp4,,,
pair_0100,pairs/pair_0100.mp4,,,
pair_0101,pairs/pair_0101.mp4,,,
pair_0102,pairs/pair_0102.mp4,,,
pair_0103,pairs/pair_0103.mp4,,,
pair_0104,pairs/pair_0104.mp4,,,
pair_0105,pairs/pair_0105.mp4,,,
pair_0106,pairs/pair_0106.mp4,,,
pair_0107,pairs/pair_0107.mp4,,,
pair_0108,pairs/pair_0108.mp4,,,
pair_0109,pairs/pair_0109.mp4,,,
pair_0110,pairs/pair_0110.mp4,,,
pair_0111,pairs/pair_0111.mp4,,,
pair_0112,pairs/pair_0112.mp4,,,
pair_0113,pairs/pair_0113.mp4,,,
pair_0114,pairs/pair_0114.mp4,,,
pair_0115,pairs/pair_0115.mp4,,,
pair_0116,pairs/pair_0116.mp4,,,
pair_0117,pairs/pair_0117.mp4,,,
pair_0118,pairs/pair_0118.mp4,,,
pair_0119,pairs/pair_0119.mp4,,,
pair_0120,pairs/pair_0120.mp4,,,
pair_0121,pairs/pair_0121.mp4,,,
pair_0122,pairs/pair_0122.mp4,,,
pair_0123,pairs/pair_0123.mp4,,,
pair_0124,pairs/pair_0124.mp4,,,
pair_0125,pairs/pair_0125.mp4,,,
pair_0126,pairs/pair_0126.mp4,,,
pair_0127,pairs/pair_0127.mp4,,,
pair_0128,pairs/pair_0128.mp4,,,
pair_0129,pairs/pair_0129.mp4,,,
pair_0130,pairs/pair_0130.mp4,,,
pair_0131,pairs/pair_0131.mp4,,,
pair_0132,pairs/pair_0132.mp4,,,
pair_0133,pairs/pair_0133.mp4,,,
pair_0134,pairs/pair_0134.mp4,,,
pair_0135,pairs/pair_0135.mp4,,,
pair_0136,pairs/pair_0136.mp4,,,
pair_0137,pairs/pair_0137.mp4,,,
pair_0138,pairs/pair_0138.mp4,,,
pair_0139,pairs/pair_0139.mp4,,,
pair_0140,pairs/pair_0140.mp4,,,
pair_0141,pairs/pair_0141.mp4,,,
pair_0142,pairs/pair_0142.mp4,,,
pair_0143,pairs/pair_0143.mp4,,,
pair_0144,pairs/pair_0144.mp4,,,
pair_0145,pairs/pair_0145.mp4,,,
pair_0146,pairs/pair_0146.mp4,,,
pair_0147,pairs/pair_0147.mp4,,,
pair_0148,pairs/pair_0148.mp4,,,
pair_0149,pairs/pair_0149.mp4,,,
pair_0150,pairs/pair_0150.mp4,,,
pair_0151,pairs/pair_0151.mp4,,,
pair_0152,pairs/pair_0152.mp4,,,
pair_0153,pairs/pair_0153.mp4,,,
pair_0154,pairs/pair_0154.mp4,,,
pair_0155,pairs/pair_0155.mp4,,,
pair_0156,pairs/pair_0156.mp4,,,
pair_0157,pairs/pair_0157.mp4,,,
pair_0158,pairs/pair_0158.mp4,,,
pair_0159,pairs/pair_0159.mp4,,,
pair_0160,pairs/pair_0160.mp4,,,
pair_0161,pairs/pair_0161.mp4,,,
pair_0162,pairs/pair_0162.mp4,,,
pair_0163,pairs/pair_0163.mp4,,,
pair_0164,pairs/pair_0164.mp4,,,
pair_0165,pairs/pair_0165.mp4,,,
pair_0166,pairs/pair_0166.mp4,,,
pair_0167,pairs/pair_0167.mp4,,,
pair_0168,pairs/pair_0168.mp4,,,
pair_0169,pairs/pair_0169.mp4,,,
pair_0170,pairs/pair_0170.mp4,,,
pair_0171,pairs/pair_0171.mp4,,,
pair_0172,pairs/pair_0172.mp4,,,
pair_0173,pairs/pair_0173.mp4,,,
pair_0174,pairs/pair_0174.mp4,,,
pair_0175,pairs/pair_0175.mp4,,,
pair_0176,pairs/pair_0176.mp4,,,
pair_0177,pairs/pair_0177.mp4,,,
pair_0178,pairs/pair_0178.mp4,,,
pair_0179,pairs/pair_0179.mp4,,,
pair_0180,pairs/pair_0180.mp4,,,
