pair_id,sample_number,dataset,split,index,class_label,class_name,sample_name,speed_factor,animation
pair_0001,1,NTU-120,4,1000,3,Brushing hair,S013C003P007R002A004,0.5,pairs/pair_0001.mp4
pair_0002,1,NTU-120,4,1000,3,Brushing hair,S013C003P007R002A004,0.75,pairs/pair_0002.mp4
pair_0003,1,NTU-120,4,1000,3,Brushing hair,S013C003P007R002A004,1.25,pairs/pair_0003.mp4
pair_0004,1,NTU-120,4,1000,3,Brushing hair,S013C003P007R002A004,1.5,pairs/pair_0004.mp4
pair_0005,1,NTU-120,4,1000,3,Brushing hair,S013C003P007R002A004,1.75,pairs/pair_0005.mp4
pair_0006,1,NTU-120,4,1000,3,Brushing hair,S013C003P007R002A004,2.0,pairs/pair_0006.mp4
pair_0007,2,NTU-120,4,475,18,Take off glasses,S006C002P022R002A019,0.5,pairs/pair_0007.mp4
pair_0008,2,NTU-120,4,475,18,Take off glasses,S006C002P022R002A019,0.75,pairs/pair_0008.mp4
pair_0009,2,NTU-120,4,475,18,Take off glasses,S006C002P022R002A019,1.25,pairs/pair_0009.mp4
pair_0010,2,NTU-120,4,475,18,Take off glasses,S006C002P022R002A019,1.5,pairs/pair_0010.mp4
pair_0011,2,NTU-120,4,475,18,Take off glasses,S006C002P022R002A019,1.75,pairs/pair_0011.mp4
pair_0012,2,NTU-120,4,475,18,Take off glasses,S006C002P022R002A019,2.0,pairs/pair_0012.mp4
pair_0013,3,NTU-120,4,102,26,Jumping up,S002C001P007R001A027,0.5,pairs/pair_0013.mp4
pair_0014,3,NTU-120,4,102,26,Jumping up,S002C001P007R001A027,0.75,pairs/pair_0014.mp4
pair_0015,3,NTU-120,4,102,26,Jumping up,S002C001P007R001A027,1.25,pairs/pair_0015.mp4
pair_0016,3,NTU-120,4,102,26,Jumping up,S002C001P007R001A027,1.5,pairs/pair_0016.mp4
pair_0017,3,NTU-120,4,102,26,Jumping up,S002C001P007R001A027,1.75,pairs/pair_0017.mp4
pair_0018,3,NTU-120,4,102,26,Jumping up,S002C001P007R001A027,2.0,pairs/pair_0018.mp4
pair_0019,4,NTU-120,4,615,38,Putting the palms together,S008C001P029R002A039,0.5,pairs/pair_0019.mp4
pair_0020,4,NTU-120,4,615,38,Putting the palms together,S008C001P029R002A039,0.75,pairs/pair_0020.mp4
pair_0021,4,NTU-120,4,615,38,Putting the palms together,S008C001P029R002A039,1.25,pairs/pair_0021.mp4
pair_0022,4,NTU-120,4,615,38,Putting the palms together,S008C001P029R002A039,1.5,pairs/pair_0022.mp4
pair_0023,4,NTU-120,4,615,38,Putting the palms together,S008C001P029R002A039,1.75,pairs/pair_0023.mp4
pair_0024,4,NTU-120,4,615,38,Putting the palms together,S008C001P029R002A039,2.0,pairs/pair_0024.mp4
pair_0025,5,NTU-120,4,596,41,Staggering,S007C003P026R002A042,0.5,pairs/pair_0025.mp4
pair_0026,5,NTU-120,4,596,41,Staggering,S007C003P026R002A042,0.75,pairs/pair_0026.mp4
pair_0027,5,NTU-120,4,596,41,Staggering,S007C003P026R002A042,1.25,pairs/pair_0027.mp4
pair_0028,5,NTU-120,4,596,41,Staggering,S007C003P026R002A042,1.5,pairs/pair_0028.mp4
pair_0029,5,NTU-120,4,596,41,Staggering,S007C003P026R002A042,1.75,pairs/pair_0029.mp4
pair_0030,5,NTU-120,4,596,41,Staggering,S007C003P026R002A042,2.0,pairs/pair_0030.mp4
pair_0031,6,NTU-120,4,1959,60,Putting on headphones,S023C001P062R001A061,0.5,pairs/pair_0031.mp4
pair_0032,6,NTU-120,4,1959,60,Putting on headphones,S023C001P062R001A061,0.75,pairs/pair_0032.mp4
pair_0033,6,NTU-120,4,1959,60,Putting on headphones,S023C001P062R001A061,1.25,pairs/pair_0033.mp4
pair_0034,6,NTU-120,4,1959,60,Putting on headphones,S023C001P062R001A061,1.5,pairs/pair_0034.mp4
pair_0035,6,NTU-120,4,1959,60,Putting on headphones,S023C001P062R001A061,1.75,pairs/pair_0035.mp4
pair_0036,6,NTU-120,4,1959,60,Putting on headphones,S023C001P062R001A061,2.0,pairs/pair_0036.mp4
pair_0037,7,NTU-120,4,1599,87,Taking off a bag,S019C003P048R002A088,0.5,pairs/pair_0037.mp4
pair_0038,7,NTU-120,4,1599,87,Taking off a bag,S019C003P048R002A088,0.75,pairs/pair_0038.mp4
pair_0039,7,NTU-120,4,1599,87,Taking off a bag,S019C003P048R002A088,1.25,pairs/pair_0039.mp4
pair_0040,7,NTU-120,4,1599,87,Taking off a bag,S019C003P048R002A088,1.5,pairs/pair_0040.mp4
pair_0041,7,NTU-120,4,1599,87,Taking off a bag,S019C003P048R002A088,1.75,pairs/pair_0041.mp4
pair_0042,7,NTU-120,4,1599,87,Taking off a bag,S019C003P048R002A088,2.0,pairs/pair_0042.mp4
pair_0043,8,NTU-120,4,4163,99,Butt kicks (kick backward),S032C003P041R002A100,0.5,pairs/pair_0043.mp4
pair_0044,8,NTU-120,4,4163,99,Butt kicks (kick backward),S032C003P041R002A100,0.75,pairs/pair_0044.mp4
pair_0045,8,NTU-120,4,4163,99,Butt kicks (kick backward),S032C003P041R002A100,1.25,pairs/pair_0045.mp4
pair_0046,8,NTU-120,4,4163,99,Butt kicks (kick backward),S032C003P041R002A100,1.5,pairs/pair_0046.mp4
pair_0047,8,NTU-120,4,4163,99,Butt kicks (kick backward),S032C003P041R002A100,1.75,pairs/pair_0047.mp4
pair_0048,8,NTU-120,4,4163,99,Butt kicks (kick backward),S032C003P041R002A100,2.0,pairs/pair_0048.mp4
pair_0049,9,NTU-120,4,3064,102,Yawning,S028C003P043R001A103,0.5,pairs/pair_0049.mp4
pair_0050,9,NTU-120,4,3064,102,Yawning,S028C003P043R001A103,0.75,pairs/pair_0050.mp4
pair_0051,9,NTU-120,4,3064,102,Yawning,S028C003P043R001A103,1.25,pairs/pair_0051.mp4
pair_0052,9,NTU-120,4,3064,102,Yawning,S028C003P043R001A103,1.5,pairs/pair_0052.mp4
pair_0053,9,NTU-120,4,3064,102,Yawning,S028C003P043R001A103,1.75,pairs/pair_0053.mp4
pair_0054,9,NTU-120,4,3064,102,Yawning,S028C003P043R001A103,2.0,pairs/pair_0054.mp4
pair_0055,10,NTU-120,4,3457,110,Stepping on foot,S030C001P067R002A111,0.5,pairs/pair_0055.mp4
pair_0056,10,NTU-120,4,3457,110,Stepping on foot,S030C001P067R002A111,0.75,pairs/pair_0056.mp4
pair_0057,10,NTU-120,4,3457,110,Stepping on foot,S030C001P067R002A111,1.25,pairs/pair_0057.mp4
pair_0058,10,NTU-120,4,3457,110,Stepping on foot,S030C001P067R002A111,1.5,pairs/pair_0058.mp4
pair_0059,10,NTU-120,4,3457,110,Stepping on foot,S030C001P067R002A111,1.75,pairs/pair_0059.mp4
pair_0060,10,NTU-120,4,3457,110,Stepping on foot,S030C001P067R002A111,2.0,pairs/pair_0060.mp4
pair_0061,11,NTU-120,5,1537,5,Pickup,S017C001P003R001A006,0.5,pairs/pair_0061.mp4
pair_0062,11,NTU-120,5,1537,5,Pickup,S017C001P003R001A006,0.75,pairs/pair_0062.mp4
pair_0063,11,NTU-120,5,1537,5,Pickup,S017C001P003R001A006,1.25,pairs/pair_0063.mp4
pair_0064,11,NTU-120,5,1537,5,Pickup,S017C001P003R001A006,1.5,pairs/pair_0064.mp4
pair_0065,11,NTU-120,5,1537,5,Pickup,S017C001P003R001A006,1.75,pairs/pair_0065.mp4
pair_0066,11,NTU-120,5,1537,5,Pickup,S017C001P003R001A006,2.0,pairs/pair_0066.mp4
pair_0067,12,NTU-120,5,355,12,Tear up paper,S004C001P020R002A013,0.5,pairs/pair_0067.mp4
pair_0068,12,NTU-120,5,355,12,Tear up paper,S004C001P020R002A013,0.75,pairs/pair_0068.mp4
pair_0069,12,NTU-120,5,355,12,Tear up paper,S004C001P020R002A013,1.25,pairs/pair_0069.mp4
pair_0070,12,NTU-120,5,355,12,Tear up paper,S004C001P020R002A013,1.5,pairs/pair_0070.mp4
pair_0071,12,NTU-120,5,355,12,Tear up paper,S004C001P020R002A013,1.75,pairs/pair_0071.mp4
pair_0072,12,NTU-120,5,355,12,Tear up paper,S004C001P020R002A013,2.0,pairs/pair_0072.mp4
pair_0073,13,NTU-120,5,338,14,Take off jacket,S004C001P007R001A015,0.5,pairs/pair_0073.mp4
pair_0074,13,NTU-120,5,338,14,Take off jacket,S004C001P007R001A015,0.75,pairs/pair_0074.mp4
pair_0075,13,NTU-120,5,338,14,Take off jacket,S004C001P007R001A015,1.25,pairs/pair_0075.mp4
pair_0076,13,NTU-120,5,338,14,Take off jacket,S004C001P007R001A015,1.5,pairs/pair_0076.mp4
pair_0077,13,NTU-120,5,338,14,Take off jacket,S004C001P007R001A015,1.75,pairs/pair_0077.mp4
pair_0078,13,NTU-120,5,338,14,Take off jacket,S004C001P007R001A015,2.0,pairs/pair_0078.mp4
pair_0079,14,NTU-120,5,297,15,Wear a shoe,S003C001P007R002A016,0.5,pairs/pair_0079.mp4
pair_0080,14,NTU-120,5,297,15,Wear a shoe,S003C001P007R002A016,0.75,pairs/pair_0080.mp4
pair_0081,14,NTU-120,5,297,15,Wear a shoe,S003C001P007R002A016,1.25,pairs/pair_0081.mp4
pair_0082,14,NTU-120,5,297,15,Wear a shoe,S003C001P007R002A016,1.5,pairs/pair_0082.mp4
pair_0083,14,NTU-120,5,297,15,Wear a shoe,S003C001P007R002A016,1.75,pairs/pair_0083.mp4
pair_0084,14,NTU-120,5,297,15,Wear a shoe,S003C001P007R002A016,2.0,pairs/pair_0084.mp4
pair_0085,15,NTU-120,5,1056,17,Wear on glasses,S011C002P007R002A018,0.5,pairs/pair_0085.mp4
pair_0086,15,NTU-120,5,1056,17,Wear on glasses,S011C002P007R002A018,0.75,pairs/pair_0086.mp4
pair_0087,15,NTU-120,5,1056,17,Wear on glasses,S011C002P007R002A018,1.25,pairs/pair_0087.mp4
pair_0088,15,NTU-120,5,1056,17,Wear on glasses,S011C002P007R002A018,1.5,pairs/pair_0088.mp4
pair_0089,15,NTU-120,5,1056,17,Wear on glasses,S011C002P007R002A018,1.75,pairs/pair_0089.mp4
pair_0090,15,NTU-120,5,1056,17,Wear on glasses,S011C002P007R002A018,2.0,pairs/pair_0090.mp4
pair_0091,16,NTU-120,5,885,42,Falling,S008C003P030R001A043,0.5,pairs/pair_0091.mp4
pair_0092,16,NTU-120,5,885,42,Falling,S008C003P030R001A043,0.75,pairs/pair_0092.mp4
pair_0093,16,NTU-120,5,885,42,Falling,S008C003P030R001A043,1.25,pairs/pair_0093.mp4
pair_0094,16,NTU-120,5,885,42,Falling,S008C003P030R001A043,1.5,pairs/pair_0094.mp4
pair_0095,16,NTU-120,5,885,42,Falling,S008C003P030R001A043,1.75,pairs/pair_0095.mp4
pair_0096,16,NTU-120,5,885,42,Falling,S008C003P030R001A043,2.0,pairs/pair_0096.mp4
pair_0097,17,NTU-120,5,2314,67,Flicking hair,S024C001P060R001A068,0.5,pairs/pair_0097.mp4
pair_0098,17,NTU-120,5,2314,67,Flicking hair,S024C001P060R001A068,0.75,pairs/pair_0098.mp4
pair_0099,17,NTU-120,5,2314,67,Flicking hair,S024C001P060R001A068,1.25,pairs/pair_0099.mp4
pair_0100,17,NTU-120,5,2314,67,Flicking hair,S024C001P060R001A068,1.5,pairs/pair_0100.mp4
pair_0101,17,NTU-120,5,2314,67,Flicking hair,S024C001P060R001A068,1.75,pairs/pair_0101.mp4
pair_0102,17,NTU-120,5,2314,67,Flicking hair,S024C001P060R001A068,2.0,pairs/pair_0102.mp4
pair_0103,18,NTU-120,5,2674,82,Balling up paper,S026C003P041R001A083,0.5,pairs/pair_0103.mp4
pair_0104,18,NTU-120,5,2674,82,Balling up paper,S026C003P041R001A083,0.75,pairs/pair_0104.mp4
pair_0105,18,NTU-120,5,2674,82,Balling up paper,S026C003P041R001A083,1.25,pairs/pair_0105.mp4
pair_0106,18,NTU-120,5,2674,82,Balling up paper,S026C003P041R001A083,1.5,pairs/pair_0106.mp4
pair_0107,18,NTU-120,5,2674,82,Balling up paper,S026C003P041R001A083,1.75,pairs/pair_0107.mp4
pair_0108,18,NTU-120,5,2674,82,Balling up paper,S026C003P041R001A083,2.0,pairs/pair_0108.mp4
pair_0109,19,NTU-120,5,1952,100,Cross toe touch,S022C001P063R002A101,0.5,pairs/pair_0109.mp4
pair_0110,19,NTU-120,5,1952,100,Cross toe touch,S022C001P063R002A101,0.75,pairs/pair_0110.mp4
pair_0111,19,NTU-120,5,1952,100,Cross toe touch,S022C001P063R002A101,1.25,pairs/pair_0111.mp4
pair_0112,19,NTU-120,5,1952,100,Cross toe touch,S022C001P063R002A101,1.5,pairs/pair_0112.mp4
pair_0113,19,NTU-120,5,1952,100,Cross toe touch,S022C001P063R002A101,1.75,pairs/pair_0113.mp4
pair_0114,19,NTU-120,5,1952,100,Cross toe touch,S022C001P063R002A101,2.0,pairs/pair_0114.mp4
pair_0115,20,NTU-120,5,2596,119,Finger-guessing game (playing rock-paper-scissors),S026C001P077R001A120,0.5,pairs/pair_0115.mp4
pair_0116,20,NTU-120,5,2596,119,Finger-guessing game (playing rock-paper-scissors),S026C001P077R001A120,0.75,pairs/pair_0116.mp4
pair_0117,20,NTU-120,5,2596,119,Finger-guessing game (playing rock-paper-scissors),S026C001P077R001A120,1.25,pairs/pair_0117.mp4
pair_0118,20,NTU-120,5,2596,119,Finger-guessing game (playing rock-paper-scissors),S026C001P077R001A120,1.5,pairs/pair_0118.mp4
pair_0119,20,NTU-120,5,2596,119,Finger-guessing game (playing rock-paper-scissors),S026C001P077R001A120,1.75,pairs/pair_0119.mp4
pair_0120,20,NTU-120,5,2596,119,Finger-guessing game (playing rock-paper-scissors),S026C001P077R001A120,2.0,pairs/pair_0120.mp4
pair_0121,21,NTU-120,6,801,6,Throw,S008C002P029R001A007,0.5,pairs/pair_0121.mp4
pair_0122,21,NTU-120,6,801,6,Throw,S008C002P029R001A007,0.75,pairs/pair_0122.mp4
pair_0123,21,NTU-120,6,801,6,Throw,S008C002P029R001A007,1.25,pairs/pair_0123.mp4
pair_0124,21,NTU-120,6,801,6,Throw,S008C002P029R001A007,1.5,pairs/pair_0124.mp4
pair_0125,21,NTU-120,6,801,6,Throw,S008C002P029R001A007,1.75,pairs/pair_0125.mp4
pair_0126,21,NTU-120,6,801,6,Throw,S008C002P029R001A007,2.0,pairs/pair_0126.mp4
pair_0127,22,NTU-120,6,79,20,Take off a hat/cap,S001C003P003R002A021,0.5,pairs/pair_0127.mp4
pair_0128,22,NTU-120,6,79,20,Take off a hat/cap,S001C003P003R002A021,0.75,pairs/pair_0128.mp4
pair_0129,22,NTU-120,6,79,20,Take off a hat/cap,S001C003P003R002A021,1.25,pairs/pair_0129.mp4
pair_0130,22,NTU-120,6,79,20,Take off a hat/cap,S001C003P003R002A021,1.5,pairs/pair_0130.mp4
pair_0131,22,NTU-120,6,79,20,Take off a hat/cap,S001C003P003R002A021,1.75,pairs/pair_0131.mp4
pair_0132,22,NTU-120,6,79,20,Take off a hat/cap,S001C003P003R002A021,2.0,pairs/pair_0132.mp4
pair_0133,23,NTU-120,6,420,27,Make a phone call/Answer phone,S004C003P020R001A028,0.5,pairs/pair_0133.mp4
pair_0134,23,NTU-120,6,420,27,Make a phone call/Answer phone,S004C003P020R001A028,0.75,pairs/pair_0134.mp4
pair_0135,23,NTU-120,6,420,27,Make a phone call/Answer phone,S004C003P020R001A028,1.25,pairs/pair_0135.mp4
pair_0136,23,NTU-120,6,420,27,Make a phone call/Answer phone,S004C003P020R001A028,1.5,pairs/pair_0136.mp4
pair_0137,23,NTU-120,6,420,27,Make a phone call/Answer phone,S004C003P020R001A028,1.75,pairs/pair_0137.mp4
pair_0138,23,NTU-120,6,420,27,Make a phone call/Answer phone,S004C003P020R001A028,2.0,pairs/pair_0138.mp4
pair_0139,24,NTU-120,6,1263,33,Rubbing two hands together,S014C002P007R002A034,0.5,pairs/pair_0139.mp4
pair_0140,24,NTU-120,6,1263,33,Rubbing two hands together,S014C002P007R002A034,0.75,pairs/pair_0140.mp4
pair_0141,24,NTU-120,6,1263,33,Rubbing two hands together,S014C002P007R002A034,1.25,pairs/pair_0141.mp4
pair_0142,24,NTU-120,6,1263,33,Rubbing two hands together,S014C002P007R002A034,1.5,pairs/pair_0142.mp4
pair_0143,24,NTU-120,6,1263,33,Rubbing two hands together,S014C002P007R002A034,1.75,pairs/pair_0143.mp4
pair_0144,24,NTU-120,6,1263,33,Rubbing two hands together,S014C002P007R002A034,2.0,pairs/pair_0144.mp4
pair_0145,25,NTU-120,6,1312,42,Falling,S014C003P037R002A043,0.5,pairs/pair_0145.mp4
pair_0146,25,NTU-120,6,1312,42,Falling,S014C003P037R002A043,0.75,pairs/pair_0146.mp4
pair_0147,25,NTU-120,6,1312,42,Falling,S014C003P037R002A043,1.25,pairs/pair_0147.mp4
pair_0148,25,NTU-120,6,1312,42,Falling,S014C003P037R002A043,1.5,pairs/pair_0148.mp4
pair_0149,25,NTU-120,6,1312,42,Falling,S014C003P037R002A043,1.75,pairs/pair_0149.mp4
pair_0150,25,NTU-120,6,1312,42,Falling,S014C003P037R002A043,2.0,pairs/pair_0150.mp4
pair_0151,26,NTU-120,6,1097,55,Giving something to other person,S012C001P037R002A056,0.5,pairs/pair_0151.mp4
pair_0152,26,NTU-120,6,1097,55,Giving something to other person,S012C001P037R002A056,0.75,pairs/pair_0152.mp4
pair_0153,26,NTU-120,6,1097,55,Giving something to other person,S012C001P037R002A056,1.25,pairs/pair_0153.mp4
pair_0154,26,NTU-120,6,1097,55,Giving something to other person,S012C001P037R002A056,1.5,pairs/pair_0154.mp4
pair_0155,26,NTU-120,6,1097,55,Giving something to other person,S012C001P037R002A056,1.75,pairs/pair_0155.mp4
pair_0156,26,NTU-120,6,1097,55,Giving something to other person,S012C001P037R002A056,2.0,pairs/pair_0156.mp4
pair_0157,27,NTU-120,6,2196,71,Making victory sign,S023C002P062R002A072,0.5,pairs/pair_0157.mp4
pair_0158,27,NTU-120,6,2196,71,Making victory sign,S023C002P062R002A072,0.75,pairs/pair_0158.mp4
pair_0159,27,NTU-120,6,2196,71,Making victory sign,S023C002P062R002A072,1.25,pairs/pair_0159.mp4
pair_0160,27,NTU-120,6,2196,71,Making victory sign,S023C002P062R002A072,1.5,pairs/pair_0160.mp4
pair_0161,27,NTU-120,6,2196,71,Making victory sign,S023C002P062R002A072,1.75,pairs/pair_0161.mp4
pair_0162,27,NTU-120,6,2196,71,Making victory sign,S023C002P062R002A072,2.0,pairs/pair_0162.mp4
pair_0163,28,NTU-120,6,2837,97,Swinging arms,S027C002P044R002A098,0.5,pairs/pair_0163.mp4
pair_0164,28,NTU-120,6,2837,97,Swinging arms,S027C002P044R002A098,0.75,pairs/pair_0164.mp4
pair_0165,28,NTU-120,6,2837,97,Swinging arms,S027C002P044R002A098,1.25,pairs/pair_0165.mp4
pair_0166,28,NTU-120,6,2837,97,Swinging arms,S027C002P044R002A098,1.5,pairs/pair_0166.mp4
pair_0167,28,NTU-120,6,2837,97,Swinging arms,S027C002P044R002A098,1.75,pairs/pair_0167.mp4
pair_0168,28,NTU-120,6,2837,97,Swinging arms,S027C002P044R002A098,2.0,pairs/pair_0168.mp4
pair_0169,29,NTU-120,6,1871,104,Blowing nose,S020C002P041R002A105,0.5,pairs/pair_0169.mp4
pair_0170,29,NTU-120,6,1871,104,Blowing nose,S020C002P041R002A105,0.75,pairs/pair_0170.mp4
pair_0171,29,NTU-120,6,1871,104,Blowing nose,S020C002P041R002A105,1.25,pairs/pair_0171.mp4
pair_0172,29,NTU-120,6,1871,104,Blowing nose,S020C002P041R002A105,1.5,pairs/pair_0172.mp4
pair_0173,29,NTU-120,6,1871,104,Blowing nose,S020C002P041R002A105,1.75,pairs/pair_0173.mp4
pair_0174,29,NTU-120,6,1871,104,Blowing nose,S020C002P041R002A105,2.0,pairs/pair_0174.mp4
pair_0175,30,NTU-120,6,3341,118,Supporting somebody with hand,S030C001P076R002A119,0.5,pairs/pair_0175.mp4
pair_0176,30,NTU-120,6,3341,118,Supporting somebody with hand,S030C001P076R002A119,0.75,pairs/pair_0176.mp4
pair_0177,30,NTU-120,6,3341,118,Supporting somebody with hand,S030C001P076R002A119,1.25,pairs/pair_0177.mp4
pair_0178,30,NTU-120,6,3341,118,Supporting somebody with hand,S030C001P076R002A119,1.5,pairs/pair_0178.mp4
pair_0179,30,NTU-120,6,3341,118,Supporting somebody with hand,S030C001P076R002A119,1.75,pairs/pair_0179.mp4
pair_0180,30,NTU-120,6,3341,118,Supporting somebody with hand,S030C001P076R002A119,2.0,pairs/pair_0180.mp4
